xyArea,aveRadialArea,aveVelocity
4.5777756846484,25.8595503134476,24.8632715800576
