xyArea,aveRadialArea,aveVelocity
16.7196130287941,145.135768273738,26.7287572614306
